Team,W,L,S_per_game,HD_per_game,ER_per_game,H_per_game,BB_per_game,SO_per_game,XBH_per_game,ER_per_9IP,H_per_9IP,BB_per_9IP,SO_per_9IP,HR_per_9IP,XBH_per_9IP,SO_per_batter,BB_per_batter,H_per_batter,HR_per_batter,XBH_per_batter
SK,88,55,0.3541666666666667,0.6388888888888888,3.4722222222222223,8.61111111111111,3.0277777777777777,7.583333333333333,0.6875,3.482702577199907,8.63710239145577,3.036916647318319,7.606222428604598,0.6895751102855816,0.6895751102855816,0.19989017023613398,0.07980962840929892,0.22698151198974922,0.018121911037891267,0.018121911037891267
KT,80,62,0.2569444444444444,0.4513888888888889,3.486111111111111,8.631944444444445,2.5277777777777777,7.458333333333333,0.6388888888888888,3.5102167663740196,8.691632351798617,2.545256778805066,7.509905990210552,0.6433066583793023,0.6433066583793023,0.19870490286771508,0.06734505087881591,0.2299722479185939,0.01702127659574468,0.01702127659574468
KT,76,59,0.22916666666666666,0.5138888888888888,3.576388888888889,8.166666666666666,3.3958333333333335,7.375,0.5972222222222222,3.6669303797468356,8.373417721518987,3.4818037974683542,7.561708860759493,0.6123417721518988,0.6123417721518988,0.19677598665925514,0.0906058921623124,0.2178988326848249,0.015934778580692976,0.015934778580692976
LG,87,55,0.2986111111111111,0.7430555555555556,3.3055555555555554,8.1875,3.1319444444444446,7.159722222222222,0.6527777777777778,3.3260869565217392,8.238354037267081,3.1513975155279503,7.204192546583851,0.656832298136646,0.656832298136646,0.18980117820324005,0.08302650957290132,0.21704712812960236,0.017304860088365244,0.017304860088365244
SK,80,47,0.24812030075187969,0.2556390977443609,3.7293233082706765,8.578947368421053,3.9022556390977443,7.7593984962406015,0.9774436090225563,3.680131904369332,8.465787304204452,3.85078318219291,7.657048639736192,0.964550700741962,0.964550700741962,0.19834710743801653,0.09975014414760715,0.21929655967710937,0.024985585239285027,0.024985585239285027
롯데,80,62,0.2708333333333333,0.4097222222222222,4.527777777777778,9.42361111111111,3.3125,7.611111111111111,1.125,4.5590863180794035,9.48877321109471,3.335405174423122,7.663740191127341,1.132779115841815,1.132779115841815,0.19453319133830316,0.08466453674121406,0.24085906993255235,0.02875399361022364,0.02875399361022364
KT,79,62,0.2708333333333333,0.4236111111111111,3.9166666666666665,9.208333333333334,2.8680555555555554,6.722222222222222,0.5763888888888888,3.944055944055944,9.272727272727273,2.888111888111888,6.769230769230769,0.5804195804195804,0.5804195804195804,0.17466618549260196,0.07452183327318658,0.2392638036809816,0.014976542764345001,0.014976542764345001
LG,72,58,0.2222222222222222,0.5625,3.5069444444444446,7.819444444444445,3.7847222222222223,7.416666666666667,0.5555555555555556,3.572832324502791,7.966354846317114,3.8558289442653884,7.5560097476613475,0.5659932395251946,0.5659932395251946,0.19585549238951036,0.09994498441225014,0.20649183935448376,0.014670823399963322,0.014670823399963322
NC,84,57,0.2569444444444444,0.3819444444444444,4.201388888888889,8.909722222222221,3.0277777777777777,7.340277777777778,1.0347222222222223,4.256899382378235,9.027441169572356,3.067782034242827,7.437260573840982,1.0483934016105074,1.0483934016105074,0.1909320809248555,0.078757225433526,0.23175578034682082,0.026914739884393062,0.026914739884393062
NC,83,58,0.25,0.4305555555555556,4.444444444444445,9.125,3.5833333333333335,7.965277777777778,0.9513888888888888,4.478656403079077,9.195241427571728,3.6109167249825056,8.026592022393283,0.9587123862841148,0.9587123862841148,0.20326067694488748,0.09144072301967039,0.23285486443381181,0.02427786638312954,0.02427786638312954
두산,93,50,0.25,0.3819444444444444,4.416666666666667,9.618055555555555,3.4583333333333335,6.819444444444445,0.9444444444444444,4.4468614045991295,9.683809819763828,3.4819763828464882,6.866065879428216,0.9509011808576755,0.9509011808576755,0.17355956168257336,0.088016967126193,0.24478614351360906,0.024036762106751503,0.024036762106751503
삼성,78,64,0.2847222222222222,0.8055555555555556,4.631944444444445,9.61111111111111,3.3125,6.805555555555555,1.1388888888888888,4.681796911558259,9.714553111839026,3.348151614412728,6.878802058961161,1.1511464670098268,1.1511464670098268,0.1724137931034483,0.08391977480647432,0.24349049964813513,0.028852920478536243,0.028852920478536243
키움,86,57,0.2708333333333333,0.6319444444444444,3.5625,8.979166666666666,2.576388888888889,6.833333333333333,0.4236111111111111,3.609851446442533,9.098514464425332,2.6106333072713057,6.924159499609069,0.4292415949960907,0.4292415949960907,0.18131564400221117,0.06836189423254099,0.238253178551686,0.011240095817210244,0.011240095817210244
SK,83,43,0.3412698412698413,0.5714285714285714,3.2698412698412698,8.357142857142858,3.5555555555555554,6.357142857142857,0.6190476190476191,3.221546481320591,8.233709817549956,3.5030408340573413,6.263249348392702,0.6099044309296264,0.6099044309296264,0.16498455200823892,0.09227600411946447,0.2168898043254377,0.016065911431513903,0.016065911431513903
삼성,79,52,0.24812030075187969,0.3308270676691729,3.9323308270676693,8.781954887218046,3.406015037593985,7.150375939849624,0.7744360902255639,3.944854173650687,8.809922896413006,3.416862219242373,7.173147837747234,0.7769024472008045,0.7769024472008045,0.1857784723578824,0.08849384645438563,0.22816956436804064,0.020121117405743308,0.020121117405743308
NC,83,55,0.2152777777777778,0.6111111111111112,4.583333333333333,8.972222222222221,3.798611111111111,7.284722222222222,1.0625,4.582626137941675,8.970837833667643,3.7980249961425705,7.283598210152754,1.0623360592501156,1.0623360592501156,0.1843585237258348,0.09613356766256591,0.22706502636203865,0.026889279437609843,0.026889279437609843
두산,88,55,0.3055555555555556,0.4791666666666667,3.4722222222222223,8.743055555555555,2.638888888888889,5.972222222222222,0.5416666666666666,3.506857855361596,8.830268079800499,2.6652119700748127,6.031795511221945,0.5470698254364089,0.5470698254364089,0.15826278984173722,0.06993006993006994,0.23168936326831063,0.014354066985645933,0.014354066985645933
두산,72,51,0.2619047619047619,0.40476190476190477,3.388888888888889,8.238095238095237,3.492063492063492,6.492063492063492,0.7142857142857143,3.416,8.304,3.52,6.544,0.72,0.72,0.17134478424801006,0.09216589861751152,0.2174277335567658,0.018852115626309174,0.018852115626309174
SK,84,47,0.2706766917293233,0.2932330827067669,3.7293233082706765,8.075187969924812,4.082706766917293,8.203007518796992,0.8796992481203008,3.725899340622653,8.067773975461147,4.078958350721977,8.195476170603456,0.8788915783323596,0.8788915783323596,0.21333594055533828,0.10617911615174032,0.2100117324990223,0.02287837309346891,0.02287837309346891
KT,81,62,0.22916666666666666,0.4930555555555556,4.520833333333333,9.42361111111111,3.6319444444444446,5.888888888888889,0.8194444444444444,4.54150841020076,9.466708007131231,3.6485543756297965,5.915820479032633,0.823192000620107,0.823192000620107,0.14929577464788732,0.0920774647887324,0.23890845070422534,0.020774647887323944,0.020774647887323944
삼성,79,50,0.3609022556390977,0.556390977443609,3.345864661654135,8.954887218045112,2.969924812030075,6.323308270676692,0.6917293233082706,3.3483822422874345,8.961625282167043,2.9721595184349137,6.3280662151993985,0.6922498118886381,0.6922498118886381,0.16564900531810123,0.07780185148709869,0.23458735473704945,0.018120937561552097,0.018120937561552097
SK,78,65,0.2013888888888889,0.4375,4.597222222222222,9.395833333333334,2.951388888888889,7.847222222222222,1.3125,4.675875058860461,9.556584523622664,3.0018835347669124,7.9814785747920265,1.3349552660492858,1.3349552660492858,0.20312780873629338,0.07639762717957936,0.2432140931152256,0.03397447420456588,0.03397447420456588
SSG,88,52,0.3125,0.4722222222222222,3.888888888888889,8.493055555555555,3.173611111111111,7.104166666666667,0.9027777777777778,3.8736453769887023,8.459764814387826,3.16117131657828,7.076320036891861,0.8992391053723773,0.8992391053723773,0.1848906560636183,0.0825953370684981,0.22103741189228268,0.023495391288631845,0.023495391288631845
KIA,81,48,0.2857142857142857,0.2706766917293233,3.924812030075188,8.857142857142858,3.3157894736842106,6.714285714285714,0.8120300751879699,3.9182652210175144,8.842368640533778,3.310258548790659,6.703085904920767,0.810675562969141,0.810675562969141,0.17252704791344667,0.08520092735703245,0.2275888717156105,0.020865533230293665,0.020865533230293665
NC,73,69,0.2222222222222222,0.4722222222222222,3.9722222222222223,8.92361111111111,3.3541666666666665,6.881944444444445,0.7152777777777778,4.009033564364146,9.00630791994393,3.385250369908886,6.945720738260261,0.7219063935830543,0.7219063935830543,0.17766224453209037,0.08659017569021155,0.23036930799569738,0.01846539978486913,0.01846539978486913
넥센,77,66,0.2638888888888889,0.5138888888888888,4.895833333333333,10.32638888888889,3.0208333333333335,6.215277777777778,1.0555555555555556,4.9566440121865485,10.454651980314038,3.058354816029998,6.2924771502226395,1.0686665104288728,1.0686665104288728,0.15745953553835326,0.07653061224489796,0.2616115411681914,0.02674173117522871,0.02674173117522871
NC,70,57,0.2421875,0.4609375,4.2265625,9.171875,3.7578125,6.625,0.9140625,4.289112050739957,9.307610993657505,3.813424947145877,6.723044397463002,0.9275898520084567,0.9275898520084567,0.16949830101938837,0.09614231461123326,0.23465920447731362,0.02338596841894863,0.02338596841894863
SK,70,50,0.21428571428571427,0.3968253968253968,3.4285714285714284,7.976190476190476,3.3492063492063493,6.690476190476191,0.8174603174603174,3.4195250659630605,7.955145118733509,3.3403693931398415,6.672823218997362,0.8153034300791556,0.8153034300791556,0.1748237245956035,0.08751555371215264,0.2084197428452924,0.0213604313562837,0.0213604313562837
NC,75,67,0.22916666666666666,0.6111111111111112,3.7847222222222223,8.055555555555555,3.5625,7.569444444444445,0.6875,3.8287409257669194,8.149246741081884,3.6039341191163845,7.657481851533839,0.6954960580750917,0.6954960580750917,0.19843437101765884,0.09339158929546695,0.2111778627343892,0.018022938285090113,0.018022938285090113
삼성,76,59,0.3194444444444444,0.5555555555555556,4.173611111111111,9.006944444444445,3.6805555555555554,7.208333333333333,0.9097222222222222,4.29626687847498,9.27164416203336,3.7887212073073866,7.420174741858618,0.9364575059571089,0.9364575059571089,0.1875,0.09573699421965318,0.23428468208092484,0.02366329479768786,0.02366329479768786
삼성,80,51,0.2932330827067669,0.5338345864661654,3.3684210526315788,8.157894736842104,2.887218045112782,6.654135338345864,0.48872180451127817,3.3962264150943393,8.225235849056604,2.911051212938005,6.709063342318059,0.4927560646900269,0.4927560646900269,0.17911353976927746,0.0777170613236187,0.2195911758753289,0.013155231734466708,0.013155231734466708
삼성,88,56,0.2361111111111111,0.4166666666666667,4.618055555555555,9.1875,2.9375,8.291666666666666,1.2638888888888888,4.693749509842366,9.338091130107443,2.9856481844561213,8.427574307897421,1.2846051290094895,1.2846051290094895,0.21618685497012494,0.07658881042911461,0.23954372623574144,0.032953105196451206,0.032953105196451206
삼성,78,47,0.2734375,0.5078125,4.4921875,9.5078125,3.0859375,7.78125,0.9375,4.523601398601398,9.5743006993007,3.1075174825174825,7.835664335664336,0.9440559440559441,0.9440559440559441,0.19959919839679358,0.07915831663326653,0.2438877755511022,0.02404809619238477,0.02404809619238477
삼성,68,72,0.22916666666666666,0.3888888888888889,5.145833333333333,10.256944444444445,3.0625,7.736111111111111,1.2847222222222223,5.1894794179441295,10.343942105672712,3.0884756050112836,7.801727492023968,1.295619017975255,1.295619017975255,0.19407665505226482,0.07682926829268293,0.2573170731707317,0.032229965156794424,0.032229965156794424
두산,84,57,0.24305555555555555,0.3194444444444444,4.354166666666667,9.756944444444445,3.2222222222222223,6.638888888888889,0.8680555555555556,4.3812111801242235,9.817546583850932,3.2422360248447206,6.680124223602484,0.8734472049689441,0.8734472049689441,0.16825061598028862,0.08166138683562126,0.24727208729320663,0.02199929602252728,0.02199929602252728
두산,93,51,0.2847222222222222,0.3888888888888889,4.951388888888889,9.729166666666666,3.3055555555555554,7.118055555555555,1.0694444444444444,4.981369352585002,9.788076385654401,3.325570563577084,7.161155100139729,1.0759198882161154,1.0759198882161154,0.17982456140350878,0.08350877192982456,0.24578947368421053,0.027017543859649124,0.027017543859649124
롯데,71,72,0.1736111111111111,0.4097222222222222,4.576388888888889,9.381944444444445,3.1041666666666665,6.958333333333333,0.9930555555555556,4.644115574348133,9.52078928823115,3.1501057082452433,7.061310782241016,1.0077519379844961,1.0077519379844961,0.17947340139709833,0.0800644814615798,0.24198459609528927,0.025613469460863333,0.025613469460863333
LG,86,56,0.2569444444444444,0.6388888888888888,3.6597222222222223,8.791666666666666,3.4097222222222223,6.784722222222222,0.5138888888888888,3.6679297811460834,8.811383497022659,3.4173691129843013,6.7999381331683555,0.5150413734436625,0.5150413734436625,0.17387435486741412,0.08738209645844457,0.22530699412706887,0.013169603132229934,0.013169603132229934
삼성,64,75,0.1736111111111111,0.5555555555555556,4.694444444444445,9.23611111111111,3.763888888888889,6.465277777777778,1.0486111111111112,4.782642873987895,9.40963760710636,3.8346041977831935,6.5867463249744524,1.0683122396038047,1.0683122396038047,0.16524671636492722,0.096201632942847,0.23606673766418176,0.026801561945331915,0.026801561945331915
LG,69,72,0.2222222222222222,0.4583333333333333,4.243055555555555,9.0625,2.6319444444444446,7.222222222222222,0.8611111111111112,4.299452697419859,9.18295543393276,2.6669272869429244,7.318217357310399,0.872556684910086,0.872556684910086,0.18885055384056657,0.06882149990920647,0.2369711276557109,0.02251679680406755,0.02251679680406755
KIA,87,56,0.22916666666666666,0.3194444444444444,4.770833333333333,10.541666666666666,3.013888888888889,6.840277777777778,0.9513888888888888,4.793023255813954,10.590697674418605,3.027906976744186,6.872093023255814,0.9558139534883721,0.9558139534883721,0.17136395267919277,0.07550452331245651,0.2640918580375783,0.02383437717466945,0.02383437717466945
롯데,66,74,0.20833333333333334,0.4027777777777778,4.993055555555555,10.01388888888889,3.6319444444444446,7.854166666666667,0.9652777777777778,5.05467895641306,10.137478518981409,3.676769254803937,7.951101390407748,0.9771910638962662,0.9771910638962662,0.1961158314548292,0.09068839951447893,0.2500433500953702,0.024102653025836657,0.024102653025836657
키움,80,62,0.3333333333333333,0.5833333333333334,3.7916666666666665,8.659722222222221,3.4027777777777777,7.013888888888889,0.6666666666666666,3.7913741223671016,8.659054085332922,3.402515238021758,7.013347735514236,0.6666152303063035,0.6666152303063035,0.18103602796200036,0.08782936010037641,0.22351675927585588,0.017207384835992115,0.017207384835992115
두산,70,54,0.23809523809523808,0.3333333333333333,3.4444444444444446,8.468253968253968,3.1666666666666665,5.722222222222222,0.5873015873015873,3.453275572451596,8.489965520289983,3.174785606931306,5.736893289717974,0.5888073556714702,0.5888073556714702,0.14977149979227253,0.08288325716659742,0.2216452014956377,0.015371832156211051,0.015371832156211051
KIA,87,55,0.3055555555555556,0.6180555555555556,4.368055555555555,9.479166666666666,3.7430555555555554,7.8125,0.9791666666666666,4.395186335403727,9.53804347826087,3.766304347826087,7.861024844720497,0.985248447204969,0.985248447204969,0.19494021833304453,0.09339802460578756,0.2365274649107607,0.02443250736440825,0.02443250736440825
키움,80,63,0.2916666666666667,0.5625,4.333333333333333,9.277777777777779,3.0972222222222223,6.597222222222222,0.875,4.387157253339583,9.393016170611672,3.135692524021561,6.679165690180455,0.8858682915397236,0.8858682915397236,0.17098632109431244,0.0802735781137509,0.24046076313894887,0.02267818574514039,0.02267818574514039
두산,71,65,0.19444444444444445,0.4236111111111111,4.173611111111111,8.993055555555555,4.076388888888889,7.256944444444445,0.7222222222222222,4.262075486565283,9.183673469387756,4.162792530139469,7.4107635332125135,0.7375305334489008,0.7375305334489008,0.1855798259634168,0.10424436156988101,0.22997691351447344,0.018469188421239565,0.018469188421239565
SK,71,59,0.2781954887218045,0.47368421052631576,3.5789473684210527,7.526315789473684,4.067669172932331,7.56390977443609,0.6992481203007519,3.5936582501468,7.557251908396947,4.084388893549199,7.595000419427901,0.7021223051757404,0.7021223051757404,0.19992050874403816,0.10751192368839428,0.1989268680445151,0.018481717011128777,0.018481717011128777
두산,79,61,0.1597222222222222,0.3125,4.277777777777778,9.6875,3.3194444444444446,7.263888888888889,0.7569444444444444,4.313725490196078,9.76890756302521,3.34733893557423,7.324929971988795,0.7633053221288515,0.7633053221288515,0.18412251364196444,0.08414011617672945,0.24555535997183595,0.019186762893856714,0.019186762893856714
SK,73,48,0.2857142857142857,0.6111111111111112,3.2698412698412698,8.563492063492063,3.5317460317460316,5.158730158730159,0.6111111111111112,3.255201474848565,8.525151435343693,3.515933631814591,5.135633394785358,0.6083750329207269,0.6083750329207269,0.1339653751030503,0.09171475680131905,0.22238252267106348,0.015869744435284418,0.015869744435284418
SK,69,75,0.2152777777777778,0.2986111111111111,4.784722222222222,9.625,3.6597222222222223,6.5625,1.0486111111111112,4.86734693877551,9.791208791208792,3.7229199372056514,6.675824175824176,1.066718995290424,1.066718995290424,0.166990634387701,0.09312599399187135,0.24491959710196148,0.026683159568828416,0.026683159568828416
롯데,65,62,0.2932330827067669,0.47368421052631576,3.4661654135338344,8.609022556390977,3.526315789473684,6.203007518796992,0.556390977443609,3.4862616586841444,8.658936223846736,3.5467607764053444,6.23897151499874,0.5596168389210991,0.5596168389210991,0.16272189349112426,0.09250493096646943,0.22583826429980275,0.014595660749506903,0.014595660749506903
NC,79,62,0.2222222222222222,0.3541666666666667,4.673611111111111,9.319444444444445,3.263888888888889,7.618055555555555,1.1736111111111112,4.716555053729948,9.405077090795826,3.2938794580283446,7.688054820121476,1.1843949540570005,1.1843949540570005,0.19450354609929077,0.08333333333333333,0.23794326241134753,0.0299645390070922,0.0299645390070922
넥센,78,65,0.2013888888888889,0.3055555555555556,4.868055555555555,9.75,3.5972222222222223,7.402777777777778,1.0138888888888888,4.905909797822706,9.825816485225506,3.625194401244168,7.460342146189736,1.0217729393468118,1.0217729393468118,0.18672271851462602,0.0907339288842179,0.24592748292170258,0.0255736556314591,0.0255736556314591
넥센,75,69,0.2222222222222222,0.5,5.020833333333333,10.01388888888889,2.888888888888889,7.090277777777778,1.2361111111111112,5.0756630265210605,10.123244929797192,2.920436817472699,7.167706708268331,1.249609984399376,1.249609984399376,0.1808359900814736,0.0736804817569961,0.25540205455189513,0.031526744597945446,0.031526744597945446
LG,79,61,0.2013888888888889,0.4652777777777778,4.354166666666667,9.333333333333334,3.423611111111111,7.076388888888889,0.8541666666666666,4.366971057111902,9.360780065005416,3.4336789970592787,7.097198576071816,0.8566785327348707,0.8566785327348707,0.18019451812555262,0.08717948717948718,0.2376657824933687,0.021750663129973476,0.021750663129973476
LG,74,54,0.328125,0.671875,3.6640625,8.8359375,3.171875,6.421875,0.578125,3.7215658614001055,8.974607652971256,3.221654029271733,6.522659143008288,0.5871980250396756,0.5871980250396756,0.16955445544554457,0.08374587458745875,0.2332920792079208,0.015264026402640265,0.015264026402640265
한화,77,67,0.2569444444444444,0.4305555555555556,4.847222222222222,9.680555555555555,3.2777777777777777,7.805555555555555,1.1388888888888888,4.930926216640502,9.847723704866562,3.3343799058084773,7.940345368916797,1.1585557299843015,1.1585557299843015,0.19939684229199928,0.0837324818165691,0.24729466028029093,0.02909348944474011,0.02909348944474011
SK,69,73,0.2152777777777778,0.4166666666666667,4.652777777777778,9.430555555555555,3.5902777777777777,7.979166666666667,1.0625,4.710201531010779,9.546945789720356,3.634588345571004,8.077644118106546,1.075613185439775,1.075613185439775,0.2035069075451647,0.09156925256818987,0.24052426496634785,0.02709883103081828,0.02709883103081828
넥센,78,48,0.2734375,0.4296875,5.15625,10.1484375,4.03125,7.0390625,1.109375,5.2510608203677505,10.33504243281471,4.105374823196605,7.168493635077793,1.1297736916548797,1.1297736916548797,0.17642451537105933,0.10103779126688858,0.2543567652242021,0.027804973565694144,0.027804973565694144
롯데,66,58,0.296875,0.5,3.9296875,8.96875,3.8203125,6.40625,0.65625,3.939604908189018,8.991384561831,3.8299538769471764,6.4224175441649995,0.6579061874510487,0.6579061874510487,0.16446048937023666,0.09807460890493382,0.23024468511833132,0.01684717208182912,0.01684717208182912
NC,67,74,0.1736111111111111,0.375,3.8680555555555554,8.541666666666666,3.576388888888889,8.11111111111111,0.7708333333333334,3.8975276006841857,8.606748561654486,3.603638625408179,8.172912455294666,0.7767065775151609,0.7767065775151609,0.20842255531763026,0.09189864382583869,0.21948608137044967,0.01980728051391863,0.01980728051391863
삼성,74,48,0.29365079365079366,0.49206349206349204,3.8095238095238093,8.142857142857142,3.0714285714285716,6.944444444444445,0.8650793650793651,3.8260561509166595,8.17819502258436,3.0847577716765566,6.974581525108494,0.8688335842706582,0.8688335842706582,0.18263410561469423,0.08077645585472762,0.21415153412648716,0.02275099144228762,0.02275099144228762
롯데,58,69,0.21875,0.5,5.1171875,10.234375,3.671875,6.1015625,0.9921875,5.202541699761716,10.405083399523432,3.7331215250198575,6.203335980937252,1.0087370929308976,1.0087370929308976,0.15337784760408485,0.09230164964650432,0.2572663000785546,0.024941084053417124,0.024941084053417124
롯데,68,76,0.24305555555555555,0.5694444444444444,4.069444444444445,9.222222222222221,3.6944444444444446,7.430555555555555,0.5555555555555556,4.145900479522051,9.39548777611823,3.763855042842544,7.570159578649478,0.5659932395251946,0.5659932395251946,0.18928002830355564,0.094109322483637,0.23491951176366532,0.014151777817088271,0.014151777817088271
LG,62,64,0.2734375,0.5078125,4.546875,9.4609375,3.2734375,6.328125,0.8125,4.585886884958851,9.542111714235686,3.301523375941166,6.382419891437577,0.8194711959376642,0.8194711959376642,0.1610978520286396,0.08333333333333333,0.24085123309466985,0.020684168655529037,0.020684168655529037
LG,76,66,0.2361111111111111,0.4513888888888889,4.5625,9.54861111111111,3.673611111111111,7.513888888888889,0.875,4.630383711824589,9.690681284259984,3.7282693813625687,7.625685199686766,0.8880187940485513,0.8880187940485513,0.18995786516853932,0.09287219101123595,0.24139747191011235,0.02212078651685393,0.02212078651685393
KIA,67,77,0.2222222222222222,0.4513888888888889,4.708333333333333,9.520833333333334,3.9722222222222223,6.798611111111111,0.9930555555555556,4.793401413982718,9.692851531814611,4.043990573448546,6.921445404556167,1.0109976433621366,1.0109976433621366,0.17257183148246077,0.10082848580997708,0.24167107350608144,0.02520712145249427,0.02520712145249427
두산,74,68,0.2847222222222222,0.6041666666666666,4.777777777777778,9.25,4.0625,7.520833333333333,0.9375,4.825436408977556,9.342269326683292,4.1030236907730675,7.595854114713217,0.9468516209476309,0.9468516209476309,0.18779261314374893,0.10143922316629096,0.2309693081324779,0.0234090514999133,0.0234090514999133
넥센,72,54,0.390625,0.546875,4.1015625,9.0625,3.9296875,6.71875,0.5859375,4.122676904284094,9.109152778989618,3.9499171101998085,6.753337405112992,0.5889538434691564,0.5889538434691564,0.1721377101681345,0.10068054443554844,0.2321857485988791,0.01501200960768615,0.01501200960768615
KIA,70,73,0.2638888888888889,0.5138888888888888,4.895833333333333,10.11111111111111,3.8958333333333335,6.701388888888889,0.9097222222222222,4.972570532915361,10.269592476489029,3.956896551724138,6.806426332288401,0.9239811912225705,0.9239811912225705,0.16721538728123375,0.09721018887541154,0.25229596257147807,0.022699705423670075,0.022699705423670075
롯데,66,77,0.13194444444444445,0.3263888888888889,5.006944444444445,10.145833333333334,3.3958333333333335,7.048611111111111,1.1388888888888888,5.06517836234486,10.263835766138476,3.4353290141284836,7.1305908984466475,1.1521348840839905,1.1521348840839905,0.1773235499650594,0.08542976939203355,0.2552410901467505,0.0286512928022362,0.0286512928022362
롯데,72,56,0.20300751879699247,0.3383458646616541,4.18796992481203,9.443609022556391,3.2330827067669174,5.917293233082707,0.849624060150376,4.223251895534962,9.523167649536648,3.2603201347935973,5.967144060657119,0.8567818028643639,0.8567818028643639,0.15389127884239343,0.08408290965975752,0.2456003128666406,0.02209620649198279,0.02209620649198279
넥센,69,73,0.2777777777777778,0.4583333333333333,4.930555555555555,10.333333333333334,2.6944444444444446,6.979166666666667,1.0347222222222223,5.027537372147915,10.536585365853659,2.747442958300551,7.116443745082612,1.0550747442958301,1.0550747442958301,0.17746777326505386,0.06851492141974219,0.26275825534169167,0.026311142503973158,0.026311142503973158
KT,71,71,0.2569444444444444,0.4097222222222222,4.222222222222222,9.04861111111111,3.3402777777777777,5.888888888888889,0.8194444444444444,4.285043069694597,9.183241973375099,3.389976507439311,5.976507439310885,0.831636648394675,0.831636648394675,0.15326224471353697,0.08693294776793782,0.23549611422374842,0.02132658593891198,0.02132658593891198
롯데,68,74,0.2013888888888889,0.4444444444444444,5.319444444444445,9.791666666666666,3.8055555555555554,8.083333333333334,1.1527777777777777,5.372506234413965,9.8893391521197,3.843516209476309,8.163965087281795,1.1642768079800498,1.1642768079800498,0.20110573600552867,0.09467864547339323,0.24360746371803732,0.02868002764340014,0.02868002764340014
KIA,73,69,0.22916666666666666,0.4583333333333333,4.048611111111111,8.63888888888889,3.9166666666666665,6.805555555555555,0.6180555555555556,4.134751773049645,8.822695035460994,4.0,6.950354609929078,0.6312056737588653,0.6312056737588653,0.17632241813602015,0.10147535084562792,0.22382151853184598,0.016012954300107952,0.016012954300107952
KIA,64,59,0.2777777777777778,0.23015873015873015,3.3095238095238093,7.920634920634921,3.507936507936508,5.833333333333333,0.5793650793650794,3.3565870673463913,8.033270727126375,3.5578213039978537,5.916286557552993,0.58760397102227,0.58760397102227,0.15555555555555556,0.09354497354497354,0.21121693121693122,0.01544973544973545,0.01544973544973545
두산,71,60,0.24060150375939848,0.44360902255639095,4.578947368421052,9.180451127819548,3.8721804511278197,6.481203007518797,0.9022556390977443,4.621026894865526,9.264817469016103,3.9077649439339015,6.540763847904899,0.9105471714020741,0.9105471714020741,0.16560999039385207,0.0989433237271854,0.2345821325648415,0.023054755043227664,0.023054755043227664
롯데,69,57,0.21428571428571427,0.30158730158730157,3.626984126984127,9.0,3.246031746031746,5.325396825396825,0.5555555555555556,3.675603217158177,9.120643431635388,3.289544235924933,5.396782841823057,0.5630026809651475,0.5630026809651475,0.1407003564688614,0.08576221430069197,0.23778569930803103,0.014678129586915495,0.014678129586915495
두산,74,68,0.2847222222222222,0.4861111111111111,3.888888888888889,8.645833333333334,3.4791666666666665,7.034722222222222,0.625,3.924622332969942,8.725276436692104,3.5111353371748946,7.099361470175984,0.6307428749415979,0.6307428749415979,0.18147617341454675,0.08975277678251523,0.22303833751343605,0.016123253314224293,0.016123253314224293
두산,70,56,0.20634920634920634,0.29365079365079366,3.888888888888889,8.84920634920635,3.007936507936508,6.190476190476191,0.6190476190476191,3.88820313877623,8.847645917827544,3.0074061012167164,6.189384588256039,0.6189384588256039,0.6189384588256039,0.1605929586164299,0.07803170681490632,0.22956557545810172,0.01605929586164299,0.01605929586164299
NC,67,68,0.22916666666666666,0.5555555555555556,4.402777777777778,8.805555555555555,4.111111111111111,7.326388888888889,0.8680555555555556,4.542270339117975,9.08454067823595,4.2413628403120525,7.558509791434485,0.895558032160484,0.895558032160484,0.18765563856278905,0.10530060476698684,0.2255425115617218,0.02223408039843472,0.02223408039843472
KT,72,70,0.19444444444444445,0.3472222222222222,5.0625,10.055555555555555,3.076388888888889,7.763888888888889,1.0763888888888888,5.109415154582977,10.148742309788958,3.1048983724009034,7.835838330348104,1.0863639903434312,1.0863639903434312,0.1954203810522636,0.077434015032337,0.2531026044397833,0.02709316553050166,0.02709316553050166
한화,67,57,0.3253968253968254,0.373015873015873,3.3333333333333335,8.547619047619047,2.9603174603174605,6.031746031746032,0.746031746031746,3.371688520203372,8.645972705378647,2.9943805191329944,6.1011506556061015,0.7546160021407546,0.7546160021407546,0.1606425702811245,0.0788416825195519,0.22764743183259353,0.019868949482139082,0.019868949482139082
한화,66,76,0.18055555555555555,0.4722222222222222,4.902777777777778,9.979166666666666,3.548611111111111,7.847222222222222,0.8888888888888888,4.9866582954010354,10.149897975200124,3.609323497096217,7.9814785747920265,0.9040966881180348,0.9040966881180348,0.19755244755244755,0.08933566433566434,0.25122377622377623,0.022377622377622378,0.022377622377622378
삼성,66,76,0.2361111111111111,0.4930555555555556,4.256944444444445,9.51388888888889,3.3194444444444446,6.743055555555555,0.8958333333333334,4.286713286713287,9.58041958041958,3.3426573426573425,6.79020979020979,0.9020979020979021,0.9020979020979021,0.171010919337795,0.08418457203240577,0.24128214159915462,0.022719267347657626,0.022719267347657626
삼성,75,51,0.2421875,0.3828125,3.9609375,8.7421875,3.2109375,7.4609375,0.765625,3.9809806316524163,8.78642470772989,3.2271854824637933,7.498691327865991,0.7694992147967196,0.7694992147967196,0.19505718954248366,0.08394607843137254,0.22855392156862744,0.020016339869281044,0.020016339869281044
롯데,66,67,0.3007518796992481,0.2781954887218045,4.616541353383458,9.699248120300751,3.661654135338346,5.428571428571429,1.0451127819548873,4.755184579640306,9.990534377420188,3.7716203424834354,5.591601411238276,1.0764994406677568,1.0764994406677568,0.13978702807357213,0.09428848015488868,0.24975798644724104,0.02691190706679574,0.02691190706679574
LG,64,78,0.1736111111111111,0.3055555555555556,4.5625,9.38888888888889,3.4027777777777777,7.381944444444445,0.8680555555555556,4.622420262664165,9.512195121951219,3.447467166979362,7.478893058161351,0.8794559099437148,0.8794559099437148,0.18985533130916235,0.08751562779067691,0.24147169137345956,0.0223254152527237,0.0223254152527237
SSG,72,70,0.22916666666666666,0.5555555555555556,5.138888888888889,9.3125,4.375,8.29861111111111,1.1319444444444444,5.2473999369681685,9.50913961550583,4.467381027418846,8.473841790104002,1.1558462023321776,1.1558462023321776,0.20829701934809133,0.1098134913717971,0.23374586020568242,0.02841206205333798,0.02841206205333798
LG,79,64,0.2986111111111111,0.4305555555555556,3.826388888888889,8.729166666666666,3.4652777777777777,6.618055555555555,0.6180555555555556,3.86485854570961,8.816927753097966,3.5001169043722236,6.68459200374094,0.6242693476736031,0.6242693476736031,0.17155715571557156,0.08982898289828983,0.22628262826282627,0.01602160216021602,0.01602160216021602
두산,63,60,0.30952380952380953,0.23015873015873015,3.3015873015873014,7.682539682539683,3.365079365079365,6.619047619047619,0.5476190476190477,3.3572453371592537,7.8120516499282635,3.4218077474892397,6.730631276901004,0.5568507890961263,0.5568507890961263,0.17782515991471215,0.09040511727078891,0.20639658848614073,0.014712153518123668,0.014712153518123668
SK,75,68,0.20833333333333334,0.4444444444444444,4.923611111111111,10.020833333333334,3.3402777777777777,6.527777777777778,1.0694444444444444,5.02361832782239,10.224374114312706,3.408124704770902,6.660368445914029,1.091166745394426,1.091166745394426,0.1651440618411806,0.08450456781447646,0.2535137034434294,0.027055516514406183,0.027055516514406183
한화,67,57,0.30952380952380953,0.2857142857142857,3.492063492063492,8.603174603174603,3.5793650793650795,5.880952380952381,0.6666666666666666,3.53887399463807,8.718498659517426,3.6273458445040214,5.959785522788204,0.675603217158177,0.675603217158177,0.15498849613051663,0.09433172976364777,0.2267308094540891,0.017569546120058566,0.017569546120058566
키움,70,67,0.20833333333333334,0.3888888888888889,4.201388888888889,8.895833333333334,3.9305555555555554,6.25,0.7013888888888888,4.310822579368222,9.12754334573668,4.032934842846964,6.412793919721321,0.7196579843242816,0.7196579843242816,0.16074298981961063,0.10108948026433291,0.2287908555099125,0.01803893552420075,0.01803893552420075
KIA,70,73,0.2638888888888889,0.5138888888888888,4.145833333333333,8.930555555555555,3.6527777777777777,7.236111111111111,0.8333333333333334,4.200281425891182,9.047842401500938,3.7007504690431516,7.331144465290807,0.8442776735459662,0.8442776735459662,0.18488289567068844,0.09332860184528034,0.22817601135557133,0.021291696238467,0.021291696238467
SSG,76,65,0.3194444444444444,0.4930555555555556,4.347222222222222,9.402777777777779,4.25,6.763888888888889,0.7222222222222222,4.37388401521621,9.460445617576276,4.276065522863132,6.805372253707011,0.7266516574800094,0.7266516574800094,0.17022020272631946,0.1069556099265991,0.2366305487591751,0.018175463124781546,0.018175463124781546
두산,68,62,0.2857142857142857,0.3533834586466165,3.5789473684210527,7.917293233082707,3.691729323308271,6.030075187969925,0.49624060150375937,3.590646215740508,7.943173246165452,3.703796831782751,6.049786271058587,0.4978627105858688,0.4978627105858688,0.16001596169193935,0.09796488427773344,0.21009577015163608,0.013168395849960097,0.013168395849960097
삼성,62,60,0.3253968253968254,0.40476190476190477,3.7063492063492065,8.658730158730158,3.1746031746031744,5.7063492063492065,0.7142857142857143,3.7155233380480905,8.680162659123054,3.1824611032531824,5.7204738330975955,0.716053748231966,0.716053748231966,0.1490464344941957,0.08291873963515754,0.22616086235489222,0.018656716417910446,0.018656716417910446
삼성,65,78,0.2361111111111111,0.4166666666666667,5.583333333333333,10.465277777777779,3.5972222222222223,6.493055555555555,1.3402777777777777,5.643865533109742,10.578738007955698,3.6362218235707044,6.563450588877624,1.3548085172763435,1.3548085172763435,0.16123469563717882,0.08932574581824453,0.2598723917916882,0.03328160027590964,0.03328160027590964
현대,70,55,0.3253968253968254,0.35714285714285715,3.380952380952381,8.357142857142858,3.126984126984127,6.476190476190476,0.5476190476190477,3.441033925686591,8.505654281098545,3.182552504038772,6.5912762520193855,0.5573505654281098,0.5573505654281098,0.17103332634667784,0.08258226786837142,0.22070844686648503,0.014462376860197024,0.014462376860197024
롯데,64,76,0.2361111111111111,0.4791666666666667,4.395833333333333,9.534722222222221,3.4166666666666665,8.32638888888889,0.5833333333333334,4.450085924074363,9.652398062802687,3.458834557100453,8.429151695047649,0.5905327292610529,0.5905327292610529,0.21086880056278579,0.08652831516004221,0.24147027787548364,0.014773126978543792,0.014773126978543792
롯데,69,61,0.15789473684210525,0.2781954887218045,4.849624060150376,9.706766917293233,3.1503759398496243,5.857142857142857,1.1203007518796992,4.86180904522613,9.731155778894472,3.158291457286432,5.871859296482412,1.1231155778894473,1.1231155778894473,0.14969254419677172,0.08051498847040738,0.24807840122982322,0.028631821675634127,0.028631821675634127
NC,52,72,0.203125,0.2421875,3.9296875,8.4140625,3.578125,6.6953125,0.75,3.9568219561227167,8.472161524342278,3.6028319202866883,6.74154357136614,0.7551787431168605,0.7551787431168605,0.17422240292742427,0.09310835535677983,0.21894694043504778,0.01951616182150844,0.01951616182150844
넥센,52,78,0.20300751879699247,0.2932330827067669,4.511278195488722,8.736842105263158,4.616541353383458,6.2556390977443606,0.9172932330827067,4.556193047586905,8.823827202159972,4.662504218697266,6.317921025987175,0.926425919676004,0.926425919676004,0.15905180653794684,0.11737717453641751,0.22213725865035366,0.023322500477920092,0.023322500477920092
롯데,66,78,0.1875,0.4097222222222222,5.5,10.319444444444445,4.0625,7.006944444444445,1.1180555555555556,5.629887054735013,10.563146670879078,4.1584393017929075,7.172419240186399,1.1444593633994156,1.1444593633994156,0.17441659464131373,0.10112359550561797,0.2568712186689715,0.027830596369922214,0.027830596369922214
SSG,66,64,0.1736111111111111,0.3888888888888889,4.75,9.0,4.368055555555555,7.027777777777778,1.0347222222222223,4.823695345557122,9.139633286318759,4.435825105782793,7.136812411847672,1.0507757404795486,1.0507757404795486,0.1773571678934455,0.1102348405187522,0.22712933753943218,0.02611286365229583,0.02611286365229583
KIA,70,74,0.18055555555555555,0.2986111111111111,5.298611111111111,10.493055555555555,3.0902777777777777,7.0625,1.2569444444444444,5.4062352385451105,10.706188001889466,3.1530467642890883,7.205951818611242,1.2824752007557865,1.2824752007557865,0.17817098808689558,0.07796075683251577,0.26471618780658723,0.031709880868955855,0.031709880868955855
삼성,73,50,0.3888888888888889,0.5158730158730159,3.2857142857142856,8.174603174603174,2.8968253968253967,6.198412698412699,0.7936507936507936,3.332737030411449,8.291592128801431,2.9382826475849733,6.287119856887299,0.8050089445438283,0.8050089445438283,0.16620557565439456,0.07767610129814854,0.2191955735262822,0.02128112364332837,0.02128112364332837
SK,62,63,0.2421875,0.296875,4.1171875,8.5234375,3.9453125,6.859375,0.7890625,4.164179104477612,8.62071992976295,3.990342405618964,6.93766461808604,0.7980684811237928,0.7980684811237928,0.17802108678021086,0.10239253852392538,0.22120843471208435,0.020478507704785077,0.020478507704785077
KIA,73,71,0.22916666666666666,0.5486111111111112,5.027777777777778,9.715277777777779,3.8819444444444446,7.208333333333333,0.8333333333333334,5.130708661417323,9.914173228346456,3.9614173228346456,7.355905511811024,0.8503937007874016,0.8503937007874016,0.18271431086076395,0.09839816933638444,0.24625946136243618,0.021123041718007392,0.021123041718007392
두산,73,57,0.22556390977443608,0.42105263157894735,4.56390977443609,8.947368421052632,3.2857142857142856,6.676691729323308,1.0150375939849625,4.632801899592944,9.082428765264586,3.3353120759837176,6.777476255088195,1.030359565807327,1.030359565807327,0.17306567920483337,0.0851685831221984,0.23192360163710776,0.026310660689923993,0.026310660689923993
한화,68,76,0.2222222222222222,0.3055555555555556,5.048611111111111,9.368055555555555,4.5,6.388888888888889,1.0902777777777777,5.114915572232645,9.49108818011257,4.559099437148218,6.472795497185741,1.1045966228893058,1.1045966228893058,0.15941777854791198,0.11228556575983364,0.23375498180557963,0.027204990469589328,0.027204990469589328
NC,61,81,0.1527777777777778,0.4513888888888889,4.916666666666667,9.645833333333334,3.6875,7.368055555555555,0.9513888888888888,4.996863237139272,9.803168130489334,3.7476474278544543,7.488237139272271,0.9669071518193224,0.9669071518193224,0.18633649455567264,0.09325605900948367,0.24394099051633297,0.024060414471373377,0.024060414471373377
삼성,64,69,0.24060150375939848,0.3383458646616541,4.842105263157895,9.218045112781954,4.578947368421052,6.804511278195489,1.0601503759398496,4.982806052269601,9.485900962861072,4.712001375515818,7.002235213204951,1.09095598349381,1.09095598349381,0.1737377615665195,0.11691303513150317,0.23536187368016895,0.02706853522749088,0.02706853522749088
SK,71,59,0.3007518796992481,0.518796992481203,3.774436090225564,8.37593984962406,3.43609022556391,6.120300751879699,0.6766917293233082,3.8252476504953012,8.488696977393955,3.48234696469393,6.202692405384811,0.6858013716027432,0.6858013716027432,0.16257239864190134,0.09127221889354903,0.2224885160774915,0.017974835230677052,0.017974835230677052
LG,71,71,0.2361111111111111,0.5208333333333334,5.006944444444445,9.902777777777779,3.7430555555555554,6.3125,0.8472222222222222,5.041174642635177,9.970478558110628,3.7686451211932877,6.355655686761963,0.8530142945929148,0.8530142945929148,0.15721203735731581,0.09322033898305085,0.2466274645451401,0.02109996540989277,0.02109996540989277
한화,64,61,0.2857142857142857,0.3412698412698413,4.325396825396825,9.468253968253968,3.0873015873015874,5.253968253968254,0.8809523809523809,4.4149414941494145,9.664266426642664,3.151215121512151,5.3627362736273625,0.8991899189918992,0.8991899189918992,0.13593429158110884,0.07987679671457905,0.24496919917864476,0.022792607802874742,0.022792607802874742
KT,59,82,0.16666666666666666,0.3125,5.25,10.972222222222221,2.8402777777777777,7.118055555555555,1.3472222222222223,5.340240169531435,11.160819401930775,2.8890981869554984,7.240404991758889,1.370379091123146,1.370379091123146,0.1784781473097684,0.07121713390214174,0.2751175343896918,0.03378025422253178,0.03378025422253178
KIA,70,63,0.21804511278195488,0.2781954887218045,4.030075187969925,8.398496240601503,3.43609022556391,6.917293233082707,0.6541353383458647,4.147180192572215,8.642537826685006,3.5359353507565334,7.1182943603851445,0.6731430536451168,0.6731430536451168,0.18433179723502305,0.09156481667000602,0.2238028451212182,0.01743137647765979,0.01743137647765979
넥센,61,69,0.2706766917293233,0.2556390977443609,3.7969924812030076,8.503759398496241,4.022556390977444,6.413533834586466,0.6015037593984962,3.8286580742987115,8.574677786201669,4.056103108415466,6.467020470053071,0.6065200909780137,0.6065200909780137,0.16673182173573103,0.104573885848319,0.2210711493354183,0.01563721657544957,0.01563721657544957
키움,58,83,0.22916666666666666,0.4236111111111111,4.388888888888889,9.305555555555555,3.6944444444444446,6.680555555555555,0.5833333333333334,4.415806226224673,9.362627125223197,3.717102709416971,6.721527831690087,0.586910954118469,0.586910954118469,0.16865357643758766,0.09326788218793829,0.23492286115007013,0.014726507713884993,0.014726507713884993
롯데,65,71,0.2569444444444444,0.5277777777777778,5.263888888888889,9.256944444444445,4.569444444444445,7.319444444444445,0.9236111111111112,5.367427222659323,9.439024390243903,4.6593233674272225,7.463414634146342,0.9417781274586939,0.9417781274586939,0.18301788504948777,0.11425594721305782,0.23146379579788157,0.023094287202639348,0.023094287202639348
KIA,59,74,0.18796992481203006,0.3007518796992481,4.345864661654136,9.225563909774436,3.518796992481203,6.654135338345864,0.6992481203007519,4.396551724137931,9.333164300202839,3.559837728194726,6.7317444219066935,0.7074036511156186,0.7074036511156186,0.17002881844380405,0.08991354466858789,0.23573487031700288,0.017867435158501442,0.017867435158501442
삼성,60,83,0.2013888888888889,0.4166666666666667,4.569444444444445,9.25,3.6319444444444446,6.416666666666667,0.8680555555555556,4.644341620265077,9.401615559563956,3.691475178417379,6.521841424202024,0.8822837424515725,0.8822837424515725,0.16388790351188365,0.09276339127350124,0.23625399077687123,0.022170982617949628,0.022170982617949628
SK,61,65,0.203125,0.34375,5.40625,9.9296875,4.078125,6.5390625,1.1953125,5.515897617571517,10.131077849614739,4.160836064121868,6.671685413160925,1.2195553981046852,1.2195553981046852,0.1637323943661972,0.10211267605633803,0.24863067292644758,0.02992957746478873,0.02992957746478873
롯데,58,67,0.2619047619047619,0.19047619047619047,4.253968253968254,8.706349206349206,3.238095238095238,6.484126984126984,0.7222222222222222,4.3067583251495405,8.814391572181057,3.2782787251138292,6.564592447102938,0.7311847156503885,0.7311847156503885,0.16862745098039217,0.08421052631578947,0.22641898864809082,0.018782249742002065,0.018782249742002065
삼성,61,82,0.2638888888888889,0.4791666666666667,4.541666666666667,9.819444444444445,3.2222222222222223,6.243055555555555,0.8333333333333334,4.605273452781473,9.956967373444957,3.2673499726156017,6.330490571942728,0.8450043032626555,0.8450043032626555,0.1583861874559549,0.0817477096546864,0.24911909795630727,0.021141649048625793,0.021141649048625793
두산,79,65,0.20833333333333334,0.3958333333333333,4.986111111111111,9.618055555555555,4.055555555555555,7.388888888888889,0.9583333333333334,5.024883359253499,9.692846034214618,4.087091757387247,7.446345256609642,0.9657853810264385,0.9657853810264385,0.18465810482471365,0.1013536966331135,0.24036792780284624,0.02395001735508504,0.02395001735508504
KIA,62,65,0.20300751879699247,0.24812030075187969,3.857142857142857,8.729323308270677,3.398496240601504,6.180451127819549,0.518796992481203,3.902129817444219,8.831135902636916,3.438133874239351,6.252535496957403,0.5248478701825557,0.5248478701825557,0.16114487355420506,0.08861007645559695,0.22760243089590276,0.013526759458929621,0.013526759458929621
키움,58,86,0.1597222222222222,0.3333333333333333,5.0625,9.833333333333334,3.451388888888889,6.395833333333333,1.0416666666666667,5.157207986165697,10.017292878478226,3.515956610595818,6.515484986637321,1.061153906618456,1.061153906618456,0.16135248773651015,0.0870707778556412,0.24807288016818502,0.026278906797477224,0.026278906797477224
한화,58,80,0.1388888888888889,0.4722222222222222,4.361111111111111,8.972222222222221,3.5972222222222223,7.201388888888889,0.7013888888888888,4.377323420074349,9.005576208178438,3.610594795539033,7.228159851301115,0.703996282527881,0.703996282527881,0.18250615980288631,0.09116508271735305,0.22738472368884197,0.01777543118620204,0.01777543118620204
넥센,51,80,0.22556390977443608,0.49624060150375937,4.285714285714286,8.774436090225564,4.518796992481203,6.2406015037593985,0.6090225563909775,4.380496968661942,8.968491162155239,4.618734523097943,6.3786183929638804,0.6224916744940655,0.6224916744940655,0.15976900866217517,0.11568816169393648,0.2246390760346487,0.015591915303176131,0.015591915303176131
KIA,57,69,0.23015873015873015,0.20634920634920634,4.0476190476190474,8.555555555555555,3.753968253968254,5.817460317460317,0.5158730158730159,4.0836298932384345,8.63167259786477,3.7873665480427046,5.869217081850533,0.5204626334519573,0.5204626334519573,0.1511340206185567,0.09752577319587628,0.2222680412371134,0.013402061855670102,0.013402061855670102
KIA,58,76,0.25,0.6527777777777778,4.791666666666667,8.930555555555555,4.319444444444445,6.604166666666667,0.9305555555555556,4.8936170212765955,9.120567375886525,4.411347517730497,6.74468085106383,0.950354609929078,0.950354609929078,0.16681283985265744,0.10910366602350464,0.2255744606209437,0.023504648307314507,0.023504648307314507
KIA,62,80,0.20833333333333334,0.4444444444444444,4.534722222222222,9.458333333333334,3.5,6.777777777777778,0.7013888888888888,4.649525316455696,9.697784810126583,3.588607594936709,6.949367088607595,0.7191455696202531,0.7191455696202531,0.17385108656929105,0.08977556109725686,0.24260776629853936,0.017990737442109012,0.017990737442109012
두산,61,70,0.2556390977443609,0.3458646616541353,4.285714285714286,9.25563909774436,3.5789473684210527,6.428571428571429,0.7218045112781954,4.317454973910116,9.324187847163778,3.605453627335465,6.476182460865174,0.727150311395388,0.727150311395388,0.1653771760154739,0.09206963249516441,0.2381044487427466,0.018568665377176014,0.018568665377176014
우리,50,76,0.23015873015873015,0.2857142857142857,4.404761904761905,9.198412698412698,3.6904761904761907,5.785714285714286,0.7222222222222222,4.439605368411697,9.271175895475958,3.7196693627233137,5.831481646075905,0.7279352946404765,0.7279352946404765,0.14778025542266368,0.09426312588688425,0.23494830731806204,0.01844719237786337,0.01844719237786337
LG,68,75,0.2013888888888889,0.2986111111111111,5.180555555555555,9.958333333333334,3.1458333333333335,7.347222222222222,1.1041666666666667,5.294117647058823,10.176628292067496,3.2147926194606526,7.508279451190663,1.1283709194133418,1.1283709194133418,0.18636603840056368,0.07979566672538313,0.2525982032763784,0.028007750572485467,0.028007750572485467
한화,61,81,0.2152777777777778,0.3402777777777778,5.1875,10.23611111111111,3.0972222222222223,6.347222222222222,1.1527777777777777,5.281225451688924,10.421052631578947,3.153181461115475,6.461901021209741,1.1736056559308718,1.1736056559308718,0.1604071604071604,0.07827307827307828,0.25868725868725867,0.029133029133029134,0.029133029133029134
LG,59,72,0.22556390977443608,0.37593984962406013,4.150375939849624,8.819548872180452,3.8496240601503757,6.2180451127819545,0.6015037593984962,4.163593697619846,8.847636607442173,3.8618840093865234,6.237847804223936,0.6034193764666443,0.6034193764666443,0.1587636782491841,0.0982914186984066,0.22518717604146668,0.015358034171626032,0.015358034171626032
삼성,65,61,0.31746031746031744,0.38095238095238093,4.380952380952381,9.396825396825397,3.3015873015873014,5.579365079365079,0.6904761904761905,4.423470750601015,9.488024218680438,3.333630130887722,5.63351437984151,0.6971774552577688,0.6971774552577688,0.14444216149578795,0.08547359769878775,0.2432710088350113,0.017875487980275325,0.017875487980275325
KIA,51,74,0.25,0.390625,5.078125,10.2109375,4.1640625,7.2109375,0.6875,5.122143420015761,10.299448384554768,4.200157604412924,7.273443656422381,0.6934594168636722,0.6934594168636722,0.1775,0.1025,0.25134615384615383,0.016923076923076923,0.016923076923076923
한화,49,83,0.14583333333333334,0.4305555555555556,4.513888888888889,8.38888888888889,4.673611111111111,7.020833333333333,0.7986111111111112,4.649499284692418,8.640915593705293,4.814020028612303,7.23175965665236,0.8226037195994277,0.8226037195994277,0.17824400564174894,0.11865303244005641,0.21297602256699577,0.02027503526093089,0.02027503526093089
LG,57,72,0.2631578947368421,0.48120300751879697,4.037593984962406,9.285714285714286,3.172932330827068,5.526315789473684,0.48872180451127817,4.020798668885192,9.247088186356073,3.1597337770382694,5.503327787021631,0.48668885191347755,0.48668885191347755,0.14167309175019274,0.08134155744024672,0.23804934464148034,0.012528912875867387,0.012528912875867387
한화,66,75,0.16666666666666666,0.2708333333333333,5.743055555555555,10.555555555555555,4.402777777777778,6.777777777777778,1.0763888888888888,5.759944281071041,10.58659650208946,4.415725119950472,6.797709332920601,1.079554248568333,1.079554248568333,0.16439279097187132,0.10678794003705575,0.2560215597102914,0.02610746168098366,0.02610746168098366
KT,52,91,0.1111111111111111,0.2152777777777778,5.430555555555555,10.541666666666666,4.006944444444445,7.263888888888889,1.0694444444444444,5.558363607644922,10.78976465013426,4.101247828147212,7.434844416363923,1.0946138050860843,1.0946138050860843,0.18037592688394552,0.09949991377823762,0.2617692705638903,0.026556302810829453,0.026556302810829453
롯데,55,68,0.1746031746031746,0.19047619047619047,4.087301587301587,9.238095238095237,3.2857142857142856,5.587301587301587,0.7380952380952381,4.1376539903588645,9.351901446170327,3.326191751472951,5.656132833422603,0.7471880021424745,0.7471880021424745,0.14452884417983985,0.08499281461712174,0.2389653048655307,0.01909258879080271,0.01909258879080271
KIA,54,74,0.203125,0.3125,5.6640625,10.0703125,4.3828125,7.0,0.90625,5.8196575098109165,10.346949696753478,4.503210845522654,7.192293970745629,0.9311452015697467,0.9311452015697467,0.1742173828504764,0.10908030332490765,0.2506319268909197,0.022554929029749173,0.022554929029749173
LG,57,71,0.23308270676691728,0.44360902255639095,5.2105263157894735,9.61654135338346,4.2105263157894735,5.962406015037594,0.9398496240601504,5.25,9.68939393939394,4.242424242424242,6.007575757575758,0.946969696969697,0.946969696969697,0.1488922268118663,0.10514457378895982,0.240142696207285,0.023469770935035675,0.023469770935035675
두산,59,68,0.1484375,0.4765625,5.296875,10.2421875,3.515625,6.5625,0.9453125,5.4326923076923075,10.504807692307692,3.605769230769231,6.730769230769231,0.969551282051282,0.969551282051282,0.16581129095933675,0.08882747729964469,0.2587840505329649,0.02388472167390446,0.02388472167390446
LG,58,62,0.2698412698412698,0.4603174603174603,4.349206349206349,9.373015873015873,4.079365079365079,5.0,0.5,4.3446088794926006,9.363107822410148,4.075052854122621,4.994714587737843,0.49947145877378435,0.49947145877378435,0.12564818508177103,0.10251296370163542,0.23554048663741523,0.012564818508177105,0.012564818508177105
삼성,55,84,0.1875,0.2361111111111111,5.8125,10.70138888888889,3.8055555555555554,7.381944444444445,1.2986111111111112,5.880103036453049,10.825852782764812,3.849816563890407,7.46780110842245,1.3137147763640622,1.3137147763640622,0.17968221771467208,0.09263015551048005,0.26048005409060176,0.031609195402298854,0.031609195402298854
한화,64,62,0.2857142857142857,0.30952380952380953,4.412698412698413,9.015873015873016,4.119047619047619,5.738095238095238,0.753968253968254,4.431455897980872,9.054197662061636,4.136556854410202,5.762486716259298,0.757173219978746,0.757173219978746,0.1472205253512523,0.10568112400733048,0.23131745062105477,0.01934432905721849,0.01934432905721849
NC,58,85,0.16666666666666666,0.3541666666666667,5.340277777777778,10.020833333333334,3.7291666666666665,7.013888888888889,1.2916666666666667,5.475474683544304,10.274525316455696,3.8235759493670884,7.1914556962025316,1.3243670886075949,1.3243670886075949,0.17716190142080337,0.09419400105244694,0.25311348886160323,0.03262585511313804,0.03262585511313804
한화,58,86,0.19444444444444445,0.2986111111111111,4.701388888888889,9.770833333333334,3.6527777777777777,6.486111111111111,0.8333333333333334,4.8044472480681275,9.985018135940702,3.7328497082479104,6.62829206749724,0.8516006938968617,0.8516006938968617,0.16513437057991515,0.092998585572843,0.24876237623762376,0.021216407355021217,0.021216407355021217
KT,50,94,0.1527777777777778,0.2847222222222222,5.576388888888889,10.583333333333334,3.0069444444444446,6.340277777777778,1.2083333333333333,5.7539808917197455,10.920382165605096,3.102707006369427,6.542197452229299,1.2468152866242037,1.2468152866242037,0.1601192564012627,0.07593826727464048,0.2672746404770256,0.03051560855840056,0.03051560855840056
우리,60,72,0.21804511278195488,0.24060150375939848,5.345864661654136,9.25563909774436,4.2481203007518795,6.315789473684211,1.3233082706766917,5.450132016012265,9.43616387019845,4.33097691849076,6.438974533685377,1.3491184737245552,1.3491184737245552,0.16088871863627657,0.10821681670178127,0.23577858647768626,0.033710017238077,0.033710017238077
SK,60,65,0.2619047619047619,0.4126984126984127,3.7698412698412698,8.5,3.5396825396825395,5.563492063492063,0.6746031746031746,3.8033807829181496,8.575622775800712,3.5711743772241995,5.612989323843417,0.6806049822064056,0.6806049822064056,0.14546586428719652,0.0925503216434945,0.22224527910354847,0.017638514214567337,0.017638514214567337
한화,46,95,0.14583333333333334,0.375,5.152777777777778,9.722222222222221,4.229166666666667,7.076388888888889,1.0972222222222223,5.279051383399209,9.960474308300395,4.332806324110672,7.249802371541502,1.1241106719367588,1.1241106719367588,0.1770326615705351,0.10580264072272412,0.2432244614315497,0.027449617790132035,0.027449617790132035
롯데,48,93,0.1111111111111111,0.3263888888888889,4.736111111111111,9.770833333333334,3.7916666666666665,7.173611111111111,0.8333333333333334,4.829268292682927,9.963021243115657,3.86624704956727,7.3147128245476,0.8497246262785209,0.8497246262785209,0.18031069994763485,0.09530459067900157,0.2455925990574271,0.020946063885494852,0.020946063885494852
한화,46,84,0.12030075187969924,0.2556390977443609,5.601503759398496,10.037593984962406,4.2781954887218046,6.827067669172933,1.3233082706766917,5.711243611584327,10.234241908006814,4.362010221465076,6.960817717206133,1.3492333901192504,1.3492333901192504,0.16984661429105874,0.10643471754582866,0.24971941638608305,0.03292181069958848,0.03292181069958848
LG,54,75,0.18796992481203006,0.2857142857142857,5.315789473684211,9.894736842105264,4.398496240601504,5.842105263157895,1.2406015037593985,5.41531914893617,10.08,4.480851063829787,5.951489361702127,1.2638297872340425,1.2638297872340425,0.14553287132421802,0.10957108072672785,0.24648810638696386,0.030904663794718113,0.030904663794718113
한화,49,82,0.18045112781954886,0.21052631578947367,5.3007518796992485,9.699248120300751,4.142857142857143,6.06015037593985,1.0977443609022557,5.427251732101617,9.930715935334874,4.241724403387221,6.204772902232487,1.123941493456505,1.123941493456505,0.15302828934877538,0.10461363204860452,0.24492120751851149,0.02771976457186254,0.02771976457186254
현대,53,70,0.2222222222222222,0.1746031746031746,4.626984126984127,9.325396825396826,3.3492063492063493,6.373015873015873,0.9920634920634921,4.7049856527977045,9.482604017216643,3.405667144906743,6.48045193687231,1.0087876614060258,1.0087876614060258,0.16288032454361054,0.08559837728194726,0.2383367139959432,0.02535496957403651,0.02535496957403651
SK,51,92,0.1388888888888889,0.3680555555555556,5.416666666666667,9.32638888888889,4.652777777777778,6.618055555555555,1.125,5.575411007862759,9.599714081486777,4.789135096497499,6.812008577555397,1.1579699785561115,1.1579699785561115,0.16640474943251266,0.11698969792212327,0.23450323031255457,0.028287061288632794,0.028287061288632794
현대,56,69,0.21428571428571427,0.36507936507936506,4.396825396825397,8.761904761904763,3.6984126984126986,6.317460317460317,0.9444444444444444,4.42413487133984,8.816326530612244,3.7213842058562556,6.356699201419699,0.9503105590062112,0.9503105590062112,0.1622503057480636,0.0949857317570322,0.22503057480635957,0.024256013045250713,0.024256013045250713
두산,71,54,0.234375,0.328125,4.5625,9.2421875,4.015625,6.625,0.65625,4.570037388053213,9.257455873402314,4.022258934005739,6.63594470046083,0.6573341448569691,0.6573341448569691,0.16815387666071782,0.10192345825897284,0.23458258972833632,0.01665675193337299,0.01665675193337299
KT,53,89,0.1875,0.3333333333333333,5.819444444444445,11.0625,3.888888888888889,6.805555555555555,1.0069444444444444,5.92458758837392,11.262372348782403,3.9591516103692066,6.928515318146111,1.0251374705420266,1.0251374705420266,0.16621438263229307,0.09497964721845319,0.2701831750339213,0.02459294436906377,0.02459294436906377
롯데,50,73,0.2222222222222222,0.2698412698412698,3.8253968253968256,8.952380952380953,3.253968253968254,5.055555555555555,0.6587301587301587,3.8794491146485424,9.078876766231444,3.299946342335897,5.12698980504382,0.6680379180826328,0.6680379180826328,0.13210286188303608,0.08502695976773122,0.23392783077561177,0.01721277478224803,0.01721277478224803
KIA,49,76,0.19047619047619047,0.20634920634920634,4.722222222222222,9.253968253968255,4.0476190476190474,6.238095238095238,1.0952380952380953,4.846153846153846,9.49683257918552,4.153846153846154,6.401809954751132,1.1239819004524887,1.1239819004524887,0.15798994974874372,0.10251256281407035,0.2343718592964824,0.027738693467336685,0.027738693467336685
한화,46,96,0.1736111111111111,0.5625,4.722222222222222,9.125,4.180555555555555,6.763888888888889,0.7777777777777778,4.82611781405252,9.325762952448546,4.272533711852378,6.912704045422286,0.794889992902768,0.794889992902768,0.17057793345008757,0.10542907180385289,0.23012259194395795,0.019614711033274956,0.019614711033274956
두산,60,82,0.2222222222222222,0.4722222222222222,4.388888888888889,9.277777777777779,3.8541666666666665,6.784722222222222,0.8125,4.44687671018685,9.400359627863342,3.905089516065984,6.874364787741381,0.823235087170667,0.823235087170667,0.17140350877192984,0.09736842105263158,0.2343859649122807,0.020526315789473684,0.020526315789473684
KIA,51,74,0.20634920634920634,0.21428571428571427,4.420634920634921,8.801587301587302,4.174603174603175,5.317460317460317,0.8174603174603174,4.519473494410386,8.998377208799134,4.267940858276235,5.436350522899387,0.8357374684457266,0.8357374684457266,0.13581998783701602,0.10662882627204541,0.22481248733022502,0.020879789174944253,0.020879789174944253
한화,53,77,0.21804511278195488,0.40601503759398494,4.466165413533835,8.631578947368421,3.669172932330827,7.037593984962406,0.7969924812030075,4.561044279498336,8.814947530074226,3.7471205528538523,7.187100076785258,0.8139237266444843,0.8139237266444843,0.1838177533385703,0.09583660644147683,0.22545168892380205,0.020816967792615867,0.020816967792615867
LG,47,75,0.23015873015873015,0.42063492063492064,4.134920634920635,9.079365079365079,3.484126984126984,4.9603174603174605,0.6904761904761905,4.224324324324324,9.275675675675675,3.5594594594594593,5.0675675675675675,0.7054054054054054,0.7054054054054054,0.129292511377741,0.09081505999172527,0.23665701282581714,0.01799751758378155,0.01799751758378155
LG,46,80,0.1984126984126984,0.31746031746031744,4.76984126984127,9.833333333333334,3.8095238095238093,5.007936507936508,0.6507936507936508,4.881328399963903,10.063171193935567,3.898565111452035,5.124988719429655,0.6660048732063893,0.6660048732063893,0.12680868167202572,0.09646302250803858,0.2489951768488746,0.01647909967845659,0.01647909967845659
LG,54,71,0.24603174603174602,0.46825396825396826,4.761904761904762,9.619047619047619,3.8095238095238093,6.198412698412699,0.8650793650793651,4.899736865983123,9.89746846928591,3.919789492786499,6.3778241538880325,0.8901188639869341,0.8901188639869341,0.1571744817870799,0.0965989132622258,0.24391225598712016,0.021936003219963775,0.021936003219963775
한화,59,72,0.19548872180451127,0.2706766917293233,5.022556390977444,9.571428571428571,3.9398496240601504,7.052631578947368,0.9624060150375939,5.116595744680851,9.75063829787234,4.013617021276596,7.184680851063829,0.9804255319148936,0.9804255319148936,0.17765151515151514,0.09924242424242424,0.24109848484848484,0.024242424242424242,0.024242424242424242
한화,49,77,0.203125,0.234375,6.21875,11.3359375,4.1953125,5.84375,1.265625,6.345438441098317,11.566873339238263,4.280779450841453,5.962798937112489,1.29140832595217,1.29140832595217,0.1408132530120482,0.10109186746987951,0.2731551204819277,0.03049698795180723,0.03049698795180723
한화,42,85,0.171875,0.265625,5.2109375,9.3359375,4.15625,6.421875,0.765625,5.317094774136404,9.526129317980514,4.2409211691762625,6.552701505757307,0.7812223206377326,0.7812223206377326,0.16203429923122412,0.10486891385767791,0.23556081214271635,0.019317957815888034,0.019317957815888034
